joueur,nationalité,équipe,âge,naissance,matchs joués,minutes jouées,buts,passes décisives,carton jaune,carton rouge
Ismael Aaneba\Ismael-Aaneba,fr FRA,Strasbourg,21-321,1999,2,11,0,0,0,0
Yunis Abdelhamid\Yunis-Abdelhamid,ma MAR,Reims,33-199,1987,28,2520,3,0,4,0
Mehdi Abeid\Mehdi-Abeid,dz ALG,Nantes,28-252,1992,18,1320,0,0,5,0
Laurent Abergel\Laurent-Abergel,fr FRA,Lorient,28-073,1993,32,2423,3,1,5,0
Charles Abi\Charles-Abi,fr FRA,Saint-Étienne,21-003,2000,19,775,3,2,1,0
Pape Abou Cisse\Pape-Abou-Cisse,sn SEN,Saint-Étienne,25-213,1995,10,900,0,0,1,0
Yacine Adli\Yacine-Adli,fr FRA,Bordeaux,20-260,2000,29,1894,1,5,6,0
Nayef Aguerd\Nayef-Aguerd,ma MAR,Rennes,25-016,1996,30,2700,3,1,4,0
Ruben Aguilar\Ruben-Aguilar,fr FRA,Monaco,27-354,1993,28,1974,1,3,6,0
Matteo Ahlinvi\Matteo-Ahlinvi,bj BEN,Nîmes,21-287,1999,15,807,2,0,0,0
Cheikh Ahmadou Dieng\Cheikh-Ahmadou-Dieng,sn SEN,Marseille,21-023,2000,3,119,0,0,0,0
Jean-Eudes Aholou\Jean-Eudes-Aholou,ci CIV,Monaco,27-026,1994,2,36,0,0,0,0
Jean-Eudes Aholou\Jean-Eudes-Aholou,ci CIV,Strasbourg,27-026,1994,22,1734,2,2,7,0
Rayan Aït Nouri\Rayan-Ait-Nouri,fr FRA,Angers,19-313,2001,3,187,0,1,0,0
Ludovic Ajorque\Ludovic-Ajorque,re REU,Strasbourg,27-049,1994,29,2463,12,4,5,0
Marley Aké\Marley-Ake,fr FRA,Marseille,20-100,2001,9,146,0,0,0,0
Sofiane Alakouch\Sofiane-Alakouch,fr FRA,Nîmes,22-260,1998,19,1291,0,2,4,0
Mohamed Ali Cho\Mohamed-Ali-Cho,fr FRA,Angers,17-086,2004,15,225,0,0,1,0
Rachid Alioui\Rachid-Alioui,ma MAR,Angers,28-301,1992,1,15,0,0,0,0
Saturnin Allagbé\Saturnin-Allagbe,bj BEN,Dijon,27-144,1993,6,540,0,0,2,0
Ibrahim Amadou\Ibrahim-Amadou,fr FRA,Angers,28-009,1993,21,1382,0,0,5,0
Romain Amalfitano\Romain-Amalfitano,fr FRA,Dijon,31-231,1989,2,116,0,0,0,0
Jordan Amavi\Jordan-Amavi,fr FRA,Marseille,27-037,1994,11,740,1,0,3,1
Thierry Ambrose\Thierry-Ambrose,fr FRA,Metz,24-018,1997,18,532,0,1,2,0
Joachim Andersen\Joachim-Andersen,dk DEN,Lyon,24-319,1996,3,192,0,0,1,0
Benjamin André\Benjamin-Andre,fr FRA,Lille,30-255,1990,30,2516,0,1,7,0
Victorien Angban\Victorien-Angban,ci CIV,Metz,24-198,1996,24,1582,0,1,4,0
Houssem Aouar\Houssem-Aouar,fr FRA,Lyon,22-289,1998,24,1552,5,3,2,1
Adil Aouchiche\Adil-Aouchiche,fr FRA,Saint-Étienne,18-274,2002,28,1497,2,5,2,0
Dennis Appiah\Dennis-Appiah,fr FRA,Nantes,28-310,1992,16,1059,0,2,3,0
Luiz Araújo\Luiz-Araujo,br BRA,Lille,24-317,1996,22,1253,3,2,4,0
Karim Aribi\Karim-Aribi,dz ALG,Nîmes,26-295,1994,12,292,0,0,0,0
Roger Assalé\Roger-Assale,ci CIV,Dijon,27-153,1993,15,688,1,1,0,1
Youcef Attal\Youcef-Attal,dz ALG,Nice,24-333,1996,12,573,1,0,1,0
Jean-Kévin Augustin\Jean-Kevin-Augustin,fr FRA,Nantes,23-303,1997,3,36,0,0,0,0
Ludovic Baal\Ludovic-Baal,gf GUF,Brest,34-326,1986,5,287,0,0,0,0
Loïc Bade\Loic-Bade,fr FRA,Lens,21-004,2000,26,2160,0,0,8,1
Stéphane Bahoken\Stephane-Bahoken,cm CMR,Angers,28-322,1992,24,1287,6,1,4,0
Stefan Bajic\Stefan-Bajic,fr FRA,Saint-Étienne,19-113,2001,1,90,0,0,0,0
Mitchel Bakker\Mitchel-Bakker,nl NED,Paris S-G,20-299,2000,23,1487,0,2,1,0
Dilane Bakwa\Dilane-Bakwa,fr FRA,Bordeaux,18-232,2002,7,56,0,0,0,0
Leonardo Balerdi\Leonardo-Balerdi,ar ARG,Marseille,22-079,1999,15,1183,2,0,4,1
Fodé Ballo-Touré\Fode-Ballo-Toure,sn SEN,Monaco,24-102,1997,19,612,0,3,2,0
Abdoulaye Bamba\Abdoulaye-Bamba,ci CIV,Angers,30-355,1990,15,1257,0,0,2,0
Jonathan Bamba\Jonathan-Bamba,fr FRA,Lille,25-020,1996,32,2613,6,9,2,0
Robson Bambu\Robson-Bambu,br BRA,Nice,23-154,1997,15,1046,0,0,3,1
Simon Banza\Simon-Banza,fr FRA,Lens,24-245,1996,30,1259,5,2,4,0
Danilo Barbosa\Danilo-Barbosa,br BRA,Nice,25-046,1996,4,250,0,0,2,0
Melvin Bard\Melvin-Bard,fr FRA,Lyon,20-160,2000,13,342,0,0,0,1
Toma Bašić\Toma-Basic,hr CRO,Bordeaux,24-141,1996,29,2178,4,0,6,0
Cristian Battocchio\Cristian-Battocchio,it ITA,Brest,29-064,1992,15,355,0,0,0,0
Paul Baysse\Paul-Baysse,fr FRA,Bordeaux,32-332,1988,27,2312,2,2,4,1
Haris Belkebla\Haris-Belkebla,dz ALG,Brest,27-077,1994,30,2335,0,0,5,1
Jean-Ricner Bellegarde\Jean-Ricner-Bellegarde,fr FRA,Strasbourg,22-292,1998,30,1755,1,1,3,0
Sami Ben Amar\Sami-Ben-Amar,ma MAR,Nîmes,23-044,1998,1,7,0,0,0,0
Hatem Ben Arfa\Hatem-Ben-Arfa,fr FRA,Bordeaux,34-039,1987,21,1572,2,4,2,0
Salim Ben Seghir\Salim-Ben-Seghir,fr FRA,Nice,18-050,2003,1,7,0,0,0,0
Wissam Ben Yedder\Wissam-Ben-Yedder,fr FRA,Monaco,30-246,1990,31,2128,17,4,2,0
Samy Benchama\Samy-Benchama,fr FRA,Montpellier,20-294,2000,1,3,0,0,0,0
Darío Benedetto\Dario-Benedetto,ar ARG,Marseille,30-333,1990,28,1489,4,3,3,2
Walter Benítez\Walter-Benitez,ar ARG,Nice,28-027,1993,32,2880,0,0,3,0
Loris Benito\Loris-Benito,ch SUI,Bordeaux,29-098,1992,26,2201,0,0,5,1
Bilal Benkhedim\Bilal-Benkhedim,fr FRA,Saint-Étienne,19-360,2001,3,73,0,0,0,0
Djamel Benlamri\Djamel-Benlamri,dz ALG,Lyon,31-111,1989,5,137,0,0,0,0
Yassine Benrahou\Yassine-Benrahou,fr FRA,Nîmes,22-081,1999,21,1094,0,0,2,0
Yassine Benzia\Yassine-Benzia,dz ALG,Dijon,26-219,1994,5,249,0,0,1,0
Valon Berisha\Valon-Berisha,xk KVX,Reims,28-067,1993,24,1645,0,3,2,0
Paul Bernardoni\Paul-Bernardoni,fr FRA,Angers,23-362,1997,32,2880,0,0,1,0
Juan Bernat\Juan-Bernat,es ESP,Paris S-G,28-045,1993,3,194,0,0,2,0
Dimitry Bertaud\Dimitry-Bertaud,fr FRA,Montpellier,22-313,1998,6,475,0,0,0,0
Giulian Biancone\Giulian-Biancone,fr FRA,Monaco,21-015,2000,2,92,0,0,1,0
El Bilal Touré\El-Bilal-Toure,ml MLI,Reims,19-194,2001,28,1008,3,1,4,0
Ludovic Blas\Ludovic-Blas,fr FRA,Nantes,23-105,1997,30,2265,7,2,4,0
Antonin Bobichon\Antonin-Bobichon,fr FRA,Angers,25-213,1995,18,602,0,1,0,0
Sacha Boey\Sacha-Boey,fr FRA,Rennes,20-214,2000,2,124,0,0,0,1
Sacha Boey\Sacha-Boey,fr FRA,Dijon,20-214,2000,24,1863,0,1,1,0
Quentin Boisgard\Quentin-Boisgard,fr FRA,Lorient,24-029,1997,23,1304,2,2,5,0
Sven Botman\Sven-Botman,nl NED,Lille,21-093,2000,31,2769,0,0,2,0
Denis Bouanga\Denis-Bouanga,ga GAB,Saint-Étienne,26-155,1994,31,2342,6,3,7,0
Hicham Boudaoui\Hicham-Boudaoui,dz ALG,Nice,21-204,1999,19,1317,1,2,7,0
Ryad Boudebouz\Ryad-Boudebouz,dz ALG,Saint-Étienne,31-055,1990,13,640,0,1,2,0
Sofiane Boufal\Sofiane-Boufal,ma MAR,Angers,27-210,1993,14,732,1,0,3,0
Farid Boulaya\Farid-Boulaya,dz ALG,Metz,28-049,1993,28,2458,5,5,5,0
Ismaëlben Boura\Ismaelben-Boura,fr FRA,Lens,20-244,2000,15,645,0,0,1,0
Benjamin Bourigeaud\Benjamin-Bourigeaud,fr FRA,Rennes,27-091,1994,31,2069,5,3,7,0
John Boye\John-Boye,gh GHA,Metz,33-357,1987,30,2628,1,2,6,2
Umut Bozok\Umut-Bozok,tr TUR,Lorient,24-208,1996,5,61,0,0,0,0
Domagoj Bradarić\Domagoj-Bradaric,hr CRO,Lille,21-126,1999,21,1202,1,2,4,0
Lilian Brassier\Lilian-Brassier,fr FRA,Brest,21-164,1999,8,720,1,1,3,0
Anthony Briançon\Anthony-Briancon,fr FRA,Nîmes,26-138,1994,16,1225,0,0,4,0
Jimmy Briand\Jimmy-Briand,fr FRA,Bordeaux,35-256,1985,23,564,1,2,2,0
Dylan Bronn\Dylan-Bronn,tn TUN,Metz,25-300,1995,32,2872,1,0,2,0
Lucas Buadés\Lucas-Buades,fr FRA,Nîmes,23-108,1997,1,1,0,0,0,0
Patrick Burner\Patrick-Burner,fr FRA,Nice,25-004,1996,1,1,0,0,0,0
Patrick Burner\Patrick-Burner,fr FRA,Nîmes,25-004,1996,18,1163,0,0,0,0
Marcin Bułka\Marcin-Bulka,pl POL,Paris S-G,21-193,1999,1,90,0,0,0,0
Jimmy Cabot\Jimmy-Cabot,fr FRA,Angers,26-362,1994,17,744,1,1,1,0
Anthony Caci\Anthony-Caci,fr FRA,Strasbourg,23-288,1997,27,2282,0,2,0,0
Mathieu Cafaro\Mathieu-Cafaro,fr FRA,Reims,24-021,1997,28,1926,4,2,3,0
Yannick Cahuzac\Yannick-Cahuzac,fr FRA,Lens,36-087,1985,25,1829,1,0,8,0
Marc-Aurèle Caillard\Marc-Aurele-Caillard,fr FRA,Metz,26-338,1994,5,361,0,0,1,0
Duje Ćaleta-Car\Duje-Caleta-Car,hr CRO,Marseille,24-210,1996,29,2483,2,1,8,1
Mahdi Camara\Mahdi-Camara,fr FRA,Saint-Étienne,22-289,1998,31,2750,3,1,3,0
Eduardo Camavinga\Eduardo-Camavinga,fr FRA,Rennes,18-156,2002,30,2028,1,1,5,0
Pierrick Capelle\Pierrick-Capelle,fr FRA,Angers,34-000,1987,29,1523,3,3,2,0
Maxence Caqueret\Maxence-Caqueret,fr FRA,Lyon,21-059,2000,24,1368,0,0,2,0
Irvin Cardona\Irvin-Cardona,fr FRA,Brest,23-250,1997,30,1765,7,1,2,0
Lionel Carole\Lionel-Carole,fr FRA,Strasbourg,30-003,1991,23,1101,0,0,1,0
Moreto Cassamã\Moreto-Cassama,gw GNB,Reims,23-058,1998,24,1625,1,0,8,3
Jean-Charles Castelletto\Jean-Charles-Castelletto,cm CMR,Nantes,26-079,1995,19,1577,0,0,3,0
Zeki Çelik\Zeki-Celik,tr TUR,Lille,24-057,1997,23,1857,2,1,5,0
Bersant Celina\Bersant-Celina,xk KVX,Dijon,24-218,1996,28,1988,0,5,4,0
Fabien Centonze\Fabien-Centonze,fr FRA,Metz,25-089,1996,30,2681,0,0,8,0
Fouad Chafik\Fouad-Chafik,ma MAR,Dijon,34-181,1986,17,1095,0,0,4,0
Mehdi Chahiri\Mehdi-Chahiri,ma MAR,Strasbourg,24-264,1996,21,775,2,0,0,0
Aníbal Chalá\Anibal-Chala,ec ECU,Dijon,24-341,1996,10,519,0,0,0,0
Trevoh Chalobah\Trevoh-Chalobah,eng ENG,Lorient,21-284,1999,23,1697,1,0,5,0
Gaëtan Charbonnier\Gaetan-Charbonnier,fr FRA,Brest,32-109,1988,31,1137,4,1,3,0
Brendan Chardonnet\Brendan-Chardonnet,fr FRA,Brest,26-114,1994,27,2176,3,1,2,1
Xavier Chavalerin\Xavier-Chavalerin,fr FRA,Reims,30-039,1991,24,2011,0,2,8,0
Pape Cheikh Diop\Pape-Cheikh-Diop,sn SEN,Dijon,23-250,1997,21,1089,0,0,5,0
Rayan Cherki\Rayan-Cherki,fr FRA,Lyon,17-241,2003,23,554,0,1,1,1
Pedro Chirivella\Pedro-Chirivella,es ESP,Nantes,23-327,1997,26,1740,0,2,3,0
Joris Chotard\Joris-Chotard,fr FRA,Montpellier,19-203,2001,24,947,0,0,2,0
Mounir Chouiar\Mounir-Chouiar,fr FRA,Dijon,22-082,1999,20,1162,0,2,5,0
Sébastien Cibois\Sebastien-Cibois,fr FRA,Brest,23-044,1998,3,270,0,0,0,0
Alexis Claude-Maurice\Alexis-Claude-Maurice,fr FRA,Nice,22-313,1998,25,1512,3,1,1,0
Jonathan Clauss\Jonathan-Clauss,fr FRA,Lens,28-202,1992,27,2005,3,6,0,0
Marcus Coco\Marcus-Coco,fr FRA,Nantes,24-295,1996,26,1390,0,2,4,0
Racine Coly\Racine-Coly,sn SEN,Nice,25-128,1995,1,17,0,0,0,0
Daniel Congré\Daniel-Congre,fr FRA,Montpellier,36-010,1985,32,2849,2,0,4,0
Sébastien Corchia\Sebastien-Corchia,fr FRA,Nantes,30-165,1990,19,1608,0,1,3,0
Maxwel Cornet\Maxwel-Cornet,ci CIV,Lyon,24-200,1996,30,2006,2,5,5,0
David Pereira da Costa\David-Pereira-da-Costa,pt POR,Lens,20-100,2001,5,75,1,0,0,0
Benoît Costil\Benoit-Costil,fr FRA,Bordeaux,33-286,1987,32,2880,0,0,0,0
Kalifa Coulibaly\Kalifa-Coulibaly,ml MLI,Nantes,29-237,1991,11,525,0,0,1,0
Lassana Coulibaly\Lassana-Coulibaly,ml MLI,Angers,25-005,1996,27,1583,1,1,4,0
Senou Coulibaly\Senou-Coulibaly,ml MLI,Dijon,26-223,1994,17,1484,2,0,5,1
Nicolas Cozza\Nicolas-Cozza,fr FRA,Montpellier,22-097,1999,16,1030,0,0,2,0
Adrián Cubas\Adrian-Cubas,py PAR,Nîmes,24-328,1996,24,1979,1,0,6,1
Mickaël Cuisance\Mickael-Cuisance,fr FRA,Marseille,21-242,1999,22,949,2,1,3,0
Damien Da Silva\Damien-Da-Silva,fr FRA,Rennes,32-333,1988,26,2307,4,0,7,0
Colin Dagba\Colin-Dagba,fr FRA,Paris S-G,22-218,1998,20,1071,1,2,3,0
Flavius Daniliuc\Flavius-Daniliuc,at AUT,Nice,19-353,2001,19,1314,1,0,0,0
Dante\Dante,br BRA,Nice,37-179,1983,9,774,2,1,2,0
Jonathan David\Jonathan-David,ca CAN,Lille,21-091,2000,31,1934,10,1,0,0
Mattia De Sciglio\Mattia-De-Sciglio,it ITA,Lyon,28-177,1992,24,1153,0,0,4,0
Thibault De Smet\Thibault-De-Smet,be BEL,Reims,22-314,1998,7,406,0,0,2,0
Lucas Deaux\Lucas-Deaux,fr FRA,Nîmes,32-110,1988,20,1467,1,1,4,1
Mathieu Debuchy\Mathieu-Debuchy,fr FRA,Saint-Étienne,35-261,1985,21,1698,1,1,5,0
Romain Del Castillo\Romain-Del-Castillo,fr FRA,Rennes,25-017,1996,20,567,0,4,0,0
Thomas Delaine\Thomas-Delaine,fr FRA,Metz,29-022,1992,20,1454,3,1,4,0
Jonathan Delaplace\Jonathan-Delaplace,fr FRA,Lorient,35-026,1986,18,906,0,1,1,1
Andy Delort\Andy-Delort,dz ALG,Montpellier,29-188,1991,24,1960,11,8,4,0
Moussa Dembélé\Moussa-Dembele,fr FRA,Lyon,24-277,1996,16,677,1,0,3,0
Jason Denayer\Jason-Denayer,be BEL,Lyon,25-291,1995,27,2316,1,0,0,0
Kevin Denkey\Kevin-Denkey,tg TOG,Nîmes,20-136,2000,10,524,1,1,3,0
Memphis Depay\Memphis-Depay,nl NED,Lyon,27-061,1994,32,2486,16,9,4,0
Ángel Di María\Angel-Di-Maria,ar ARG,Paris S-G,33-060,1988,22,1588,5,8,1,0
Boulaye Dia\Boulaye-Dia,sn SEN,Reims,24-150,1996,30,2420,14,1,2,0
Abdou Diallo\Abdou-Diallo,sn SEN,Paris S-G,24-346,1996,19,1274,0,1,3,2
Habib Diallo\Habib-Diallo,sn SEN,Metz,25-301,1995,4,143,0,0,0,0
Habib Diallo\Habib-Diallo,sn SEN,Strasbourg,25-301,1995,26,1874,8,3,1,0
Ibrahima Diallo\Ibrahima-Diallo,fr FRA,Brest,22-038,1999,5,440,0,0,1,0
Stéphane Diarra\Stephane-Diarra,fr FRA,Lorient,22-127,1998,11,183,0,0,1,0
Raphael Dias Belloli\Raphael-Dias-Belloli,br BRA,Rennes,24-122,1996,6,404,1,2,0,0
Krepin Diatta\Krepin-Diatta,sn SEN,Monaco,22-049,1999,10,350,1,0,3,0
Tristan Dingomé\Tristan-Dingome,cm CMR,Reims,30-057,1991,1,15,0,0,0,0
Sinaly Diomande\Sinaly-Diomande,ci CIV,Lyon,20-006,2001,23,964,0,0,3,0
Lois Diony\Lois-Diony,fr FRA,Angers,28-116,1992,30,1403,4,1,2,0
Sofiane Diop\Sofiane-Diop,fr FRA,Monaco,20-310,2000,31,1999,7,0,4,0
Yehvann Diouf\Yehvann-Diouf,fr FRA,Reims,21-150,1999,2,135,0,0,0,0
Assane Dioussé\Assane-Diousse,sn SEN,Saint-Étienne,23-207,1997,1,1,0,0,0,0
Axel Disasi\Axel-Disasi,fr FRA,Monaco,23-035,1998,24,1780,3,0,4,2
Tiago Djaló\Tiago-Djalo,pt POR,Lille,21-006,2000,16,783,0,0,4,1
Alexander Djiku\Alexander-Djiku,gh GHA,Strasbourg,26-249,1994,24,2012,0,0,6,0
Mihai Dobre\Mihai-Dobre,ro ROU,Dijon,22-228,1998,18,408,0,0,0,0
Jeremy Doku\Jeremy-Doku,be BEL,Rennes,18-323,2002,24,1812,1,2,1,1
Kasper Dolberg\Kasper-Dolberg,dk DEN,Nice,23-191,1997,19,1388,5,1,2,0
Keagan Dolly\Keagan-Dolly,za RSA,Montpellier,28-083,1993,16,405,0,0,1,0
Anastasios Donis\Anastasios-Donis,gr GRE,Reims,24-229,1996,3,97,0,0,0,1
Lucas Douath\Lucas-Douath,fr FRA,Saint-Étienne,17-253,2003,25,1048,0,0,7,0
Cheick Doucouré\Cheick-Doucoure,ml MLI,Lens,21-097,2000,28,2208,2,1,8,0
Fodé Doucouré\Fode-Doucoure,ml MLI,Reims,20-071,2001,5,237,0,0,0,0
Moussa Doumbia\Moussa-Doumbia,ml MLI,Reims,26-243,1994,21,777,0,1,1,0
Souleyman Doumbia\Souleyman-Doumbia,ci CIV,Angers,24-203,1996,26,2188,0,1,8,0
Mouhamadou Drammeh\Mouhamadou-Drammeh,fr FRA,Reims,21-335,1999,5,169,0,0,1,0
Julian Draxler\Julian-Draxler,de GER,Paris S-G,27-207,1993,20,853,4,2,3,0
Matthieu Dreyer\Matthieu-Dreyer,fr FRA,Lorient,32-026,1989,14,1260,0,0,1,0
Leo Dubois\Leo-Dubois,fr FRA,Lyon,26-213,1994,31,2455,2,3,3,0
Haris Duljević\Haris-Duljevic,ba BIH,Nîmes,27-150,1993,18,757,0,2,1,0
Jean-Kevin Duverne\Jean-Kevin-Duverne,fr FRA,Brest,23-277,1997,22,1720,1,0,4,0
Eric Junior Dina Ebimbe\Eric-Junior-Dina-Ebimbe,fr FRA,Dijon,20-145,2000,27,1890,1,1,5,0
Enzo Ebosse\Enzo-Ebosse,fr FRA,Angers,22-035,1999,6,260,0,0,1,0
Bruno Ecuele Manga\Bruno-Ecuele-Manga,ga GAB,Dijon,32-273,1988,32,2880,2,0,2,0
Hugo Ekitike\Hugo-Ekitike,fr FRA,Reims,18-299,2002,2,88,0,0,1,0
Niclas Eliasson\Niclas-Eliasson,se SWE,Nîmes,25-129,1995,24,1462,4,2,1,0
Sepe Elye Wahi\Sepe-Elye-Wahi,fr FRA,Montpellier,18-103,2003,14,417,3,0,0,0
Renaud Emond\Renaud-Emond,be BEL,Nantes,29-131,1991,18,327,2,0,1,0
Yoann Etienne\Yoann-Etienne,fr FRA,Lorient,23-331,1997,1,90,0,0,1,0
Fábio\Fabio,br BRA,Nantes,30-280,1990,20,1425,0,1,5,1
Cesc Fàbregas\Cesc-Fabregas,es ESP,Monaco,33-346,1987,18,792,2,3,2,0
Bandiougou Fadiga\Bandiougou-Fadiga,fr FRA,Paris S-G,20-090,2001,6,63,0,0,1,0
Bandiougou Fadiga\Bandiougou-Fadiga,fr FRA,Brest,20-090,2001,3,42,0,0,0,0
Wout Faes\Wout-Faes,be BEL,Reims,23-012,1998,29,2561,1,0,11,1
Romain Faivre\Romain-Faivre,fr FRA,Brest,22-275,1998,31,2455,5,4,0,0
Wuilker Faríñez\Wuilker-Farinez,ve VEN,Lens,23-059,1998,1,6,0,0,0,0
Noah Fatar\Noah-Fatar,fr FRA,Angers,19-059,2002,1,6,0,0,0,0
Julien Faussurier\Julien-Faussurier,fr FRA,Brest,34-091,1987,15,775,0,3,2,0
Zinedine Ferhat\Zinedine-Ferhat,dz ALG,Nîmes,28-045,1993,28,2513,4,8,2,0
Jordan Ferri\Jordan-Ferri,fr FRA,Montpellier,29-034,1992,31,2369,0,3,6,0
Alessandro Florenzi\Alessandro-Florenzi,it ITA,Paris S-G,30-035,1991,18,1361,2,1,1,0
Mamadou Fofana\Mamadou-Fofana,ml MLI,Metz,23-084,1998,15,1025,0,0,2,0
Seko Fofana\Seko-Fofana,ci CIV,Lens,25-343,1995,25,1865,2,3,2,0
Wesley Fofana\Wesley-Fofana,fr FRA,Saint-Étienne,20-119,2000,4,315,0,0,1,0
Youssouf Fofana\Youssouf-Fofana,fr FRA,Monaco,22-095,1999,29,2376,0,1,8,1
Thomas Foket\Thomas-Foket,be BEL,Reims,26-202,1994,31,2790,0,1,3,0
Lamine Fomba\Lamine-Fomba,fr FRA,Nîmes,23-079,1998,27,1797,0,0,7,0
Thomas Fontaine\Thomas-Fontaine,mg MAD,Lorient,29-342,1991,4,320,0,0,0,0
José Fonte\Jose-Fonte,pt POR,Lille,37-114,1983,31,2735,3,0,6,0
Steven Fortes\Steven-Fortes,cv CPV,Lens,28-363,1992,15,1175,0,0,4,0
Angelo Fulgini\Angelo-Fulgini,fr FRA,Angers,24-238,1996,30,2476,5,3,4,0
Baptiste Gabard\Baptiste-Gabard,fr FRA,Saint-Étienne,21-077,2000,2,133,0,0,1,0
Idrissa Gana Gueye\Idrissa-Gana-Gueye,sn SEN,Paris S-G,31-201,1989,25,1482,2,1,3,0
Ignatius Ganago\Ignatius-Ganago,cm CMR,Lens,22-058,1999,18,905,5,0,0,0
Yann Gboho\Yann-Gboho,fr FRA,Rennes,20-091,2001,10,303,0,0,0,0
Valère Germain\Valere-Germain,fr FRA,Marseille,30-363,1990,24,857,3,0,1,0
Willem Geubbels\Willem-Geubbels,fr FRA,Monaco,19-242,2001,13,285,1,0,3,0
Andrei Girotto\Andrei-Girotto,br BRA,Nantes,29-057,1992,29,2462,1,1,3,1
Aleksandr Golovin\Aleksandr-Golovin,ru RUS,Monaco,24-320,1996,16,754,4,8,1,0
Alfred Gomis\Alfred-Gomis,sn SEN,Dijon,27-222,1993,5,450,0,0,0,0
Alfred Gomis\Alfred-Gomis,sn SEN,Rennes,27-222,1993,16,1440,0,0,1,0
Vagner Gonçalves\Vagner-Goncalves,cv CPV,Metz,25-095,1996,20,766,3,1,3,0
Álvaro González\Alvaro-Gonzalez,es ESP,Marseille,31-097,1990,27,2381,2,3,12,0
Amine Gouiri\Amine-Gouiri,fr FRA,Nice,21-058,2000,31,2552,12,6,5,0
Jonathan Gradit\Jonathan-Gradit,fr FRA,Lens,28-142,1992,28,2373,0,1,9,1
Andrew Gravillon\Andrew-Gravillon,fr FRA,Lorient,23-066,1998,24,2092,1,2,3,1
Adrian Grbić\Adrian-Grbic,at AUT,Lorient,24-254,1996,28,917,4,0,1,0
Etienne Green\Etienne-Green,fr FRA,Saint-Étienne,20-270,2000,2,180,0,0,0,0
Clément Grenier\Clement-Grenier,fr FRA,Rennes,30-098,1991,18,993,3,2,3,0
Evann Guessand\Evann-Guessand,fr FRA,Nice,19-288,2001,3,29,0,0,0,0
Kelyan Guessoum\Kelyan-Guessoum,fr FRA,Nîmes,22-069,1999,12,928,0,0,2,0
Lamine Gueye\Lamine-Gueye,sn SEN,Metz,23-033,1998,22,1312,2,2,1,0
Pape Gueye\Pape-Gueye,fr FRA,Marseille,22-081,1999,27,1665,2,0,10,1
Frederic Guilbert\Frederic-Guilbert,fr FRA,Strasbourg,26-112,1994,8,708,1,3,2,0
Bruno Guimarães\Bruno-Guimaraes,br BRA,Lyon,23-150,1997,27,1449,1,1,5,0
Sehrou Guirassy\Sehrou-Guirassy,fr FRA,Rennes,25-034,1996,22,1476,7,1,3,0
Malo Gusto\Malo-Gusto,fr FRA,Lyon,17-331,2003,1,1,0,0,0,0
Massadio Haïdara\Massadio-Haidara,ml MLI,Lens,28-134,1992,22,1862,1,1,5,0
Pierre-Yves Hamel\Pierre-Yves-Hamel,fr FRA,Lorient,27-071,1994,19,805,4,2,4,0
Romain Hamouma\Romain-Hamouma,fr FRA,Saint-Étienne,34-017,1987,24,1486,4,1,5,0
Dalbert Henrique\Dalbert-Henrique,br BRA,Rennes,27-219,1993,8,271,0,0,2,0
Luis Henrique\Luis-Henrique,br BRA,Marseille,19-122,2001,13,388,0,4,0,0
Christophe Hérelle\Christophe-Herelle,mq MTQ,Brest,28-236,1992,16,1377,0,0,4,0
Jérôme Hergault\Jerome-Hergault,fr FRA,Lorient,35-010,1986,16,1138,1,0,0,0
Ander Herrera\Ander-Herrera,es ESP,Paris S-G,31-244,1989,25,1391,1,1,2,0
Vitorino Hilton\Vitorino-Hilton,br BRA,Montpellier,43-214,1977,25,1809,0,0,3,2
Franck Honorat\Franck-Honorat,fr FRA,Brest,24-247,1996,30,1919,8,4,3,0
Fraser Hornby\Fraser-Hornby,sco SCO,Reims,21-214,1999,3,35,0,0,1,0
Adrien Hunou\Adrien-Hunou,fr FRA,Rennes,27-086,1994,20,589,4,0,1,0
Didier Ibrahim Ndong\Didier-Ibrahim-Ndong,ga GAB,Dijon,26-302,1994,28,2520,0,1,7,0
Mauro Icardi\Mauro-Icardi,ar ARG,Paris S-G,28-055,1993,15,926,5,3,1,0
Jonathan Ikone\Jonathan-Ikone,fr FRA,Lille,22-348,1998,31,1960,4,5,0,0
Yun Il-lok\Yun-Il-lok,kr KOR,Montpellier,29-039,1992,12,312,0,0,1,0
Corentin Jean\Corentin-Jean,fr FRA,Lens,25-274,1995,18,437,1,1,3,0
Jesé\Jese,es ESP,Paris S-G,28-048,1993,2,24,0,0,0,0
Stevan Jovetić\Stevan-Jovetic,me MNE,Monaco,31-164,1989,27,760,5,0,1,0
Abdoul Kader Bamba\Abdoul-Kader-Bamba,fr FRA,Nantes,26-355,1994,28,892,3,1,2,0
Tino Kadewere\Tino-Kadewere,zw ZIM,Lyon,25-100,1996,30,1901,10,3,3,0
Gaël Kakuta\Gael-Kakuta,cd COD,Lens,29-298,1991,30,2135,10,5,2,0
Arnaud Kalimuendo\Arnaud-Kalimuendo,fr FRA,Paris S-G,19-084,2002,1,73,0,0,0,0
Arnaud Kalimuendo\Arnaud-Kalimuendo,fr FRA,Lens,19-084,2002,22,999,7,2,0,0
Samuel Kalu\Samuel-Kalu,ng NGA,Bordeaux,23-232,1997,18,869,4,1,3,0
Aboubakar Kamara\Aboubakar-Kamara,mr MTN,Dijon,26-039,1995,5,280,0,0,1,1
Bingourou Kamara\Bingourou-Kamara,sn SEN,Strasbourg,24-176,1996,8,720,0,0,0,0
Boubacar Kamara\Boubacar-Kamara,fr FRA,Marseille,21-143,1999,29,2443,0,2,6,0
Hassane Kamara\Hassane-Kamara,fr FRA,Nice,26-208,1994,30,2468,0,1,3,0
Wilfried Kanga\Wilfried-Kanga,fr FRA,Angers,23-053,1998,2,132,0,0,0,0
Eiji Kawashima\Eiji-Kawashima,jp JPN,Strasbourg,38-026,1983,22,1980,0,0,1,0
Moise Kean\Moise-Kean,it ITA,Paris S-G,21-046,2000,22,1526,12,0,4,0
Thilo Kehrer\Thilo-Kehrer,de GER,Paris S-G,24-206,1996,20,1274,0,0,2,0
Saîf-Eddine Khaoui\Saif-Eddine-Khaoui,tn TUN,Marseille,25-353,1995,16,591,2,1,4,0
Wahbi Khazri\Wahbi-Khazri,tn TUN,Saint-Étienne,30-066,1991,16,756,6,0,4,1
Presnel Kimpembe\Presnel-Kimpembe,fr FRA,Paris S-G,25-245,1995,23,1857,0,0,5,0
Randal Kolo Muani\Randal-Kolo-Muani,fr FRA,Nantes,22-131,1998,31,2500,5,3,3,0
Timothée Kolodziejczak\Timothee-Kolodziejczak,fr FRA,Saint-Étienne,29-196,1991,21,1792,0,0,3,1
Ghislain Konan\Ghislain-Konan,ci CIV,Reims,25-109,1995,27,2253,2,1,4,0
Moussa Konaté\Moussa-Konate,sn SEN,Dijon,28-012,1993,24,1008,5,0,4,0
Lamine Koné\Lamine-Kone,ci CIV,Strasbourg,32-073,1989,13,862,1,0,2,0
Moussa Koné\Moussa-Kone,sn SEN,Nîmes,24-106,1996,27,1271,6,0,0,0
Laurent Koscielny\Laurent-Koscielny,fr FRA,Bordeaux,35-217,1985,24,2105,0,2,3,0
Boubakar Kouyaté\Boubakar-Kouyate,ml MLI,Metz,24-000,1997,21,1657,1,0,8,0
Jean-Philippe Krasso\Jean-Philippe-Krasso,fr FRA,Saint-Étienne,23-272,1997,6,223,0,0,0,0
Layvin Kurzawa\Layvin-Kurzawa,fr FRA,Paris S-G,28-223,1992,17,1161,1,1,3,1
Dereck Kutesa\Dereck-Kutesa,ch SUI,Reims,23-130,1997,22,590,1,2,2,0
Enock Kwateng\Enock-Kwateng,fr FRA,Bordeaux,24-006,1997,14,678,0,0,3,0
Gaëtan Laborde\Gaetan-Laborde,fr FRA,Montpellier,26-347,1994,32,2766,12,7,3,0
Tom Lacoux\Tom-Lacoux,fr FRA,Bordeaux,19-080,2002,8,171,0,0,0,0
Alban Lafont\Alban-Lafont,fr FRA,Nantes,22-082,1999,32,2880,0,0,2,0
Kenny Lala\Kenny-Lala,fr FRA,Strasbourg,29-194,1991,21,1834,3,2,1,0
Loïck Landre\Loick-Landre,fr FRA,Nîmes,28-345,1992,16,1266,1,0,2,1
Julien Laporte\Julien-Laporte,fr FRA,Lorient,27-162,1993,25,2250,0,0,5,0
Gautier Larsonneur\Gautier-Larsonneur,fr FRA,Brest,24-051,1997,29,2610,0,0,1,0
Paul Lasne\Paul-Lasne,fr FRA,Brest,32-089,1989,22,1681,0,0,4,1
Armand Lauriente\Armand-Lauriente,fr FRA,Lorient,22-132,1998,24,1439,3,3,4,0
Wesley Lautoa\Wesley-Lautoa,nc NCL,Dijon,33-233,1987,24,1523,0,0,3,0
Jérémy Le Douaron\Jeremy-Le-Douaron,fr FRA,Brest,22-359,1998,23,688,1,2,0,0
Enzo Le Fée\Enzo-Le-Fee,fr FRA,Lorient,21-071,2000,30,1396,0,2,5,0
Vincent Le Goff\Vincent-Le-Goff,fr FRA,Lorient,31-182,1989,20,1766,0,0,0,0
Damien Le Tallec\Damien-Le-Tallec,fr FRA,Montpellier,30-361,1990,17,846,0,0,2,1
James Lea Siliki\James-Lea-Siliki,fr FRA,Rennes,24-307,1996,7,255,0,0,0,0
Jean-Louis Leca\Jean-Louis-Leca,fr FRA,Lens,35-206,1985,32,2874,0,0,2,0
Benjamin Lecomte\Benjamin-Lecomte,fr FRA,Monaco,29-354,1991,22,1980,0,0,1,0
Pierre Lees-Melou\Pierre-Lees-Melou,fr FRA,Nice,27-325,1993,24,1816,4,2,3,0
Fabien Lemoine\Fabien-Lemoine,fr FRA,Lorient,34-030,1987,24,1469,0,0,6,0
Aaron Leya Iseka\Aaron-Leya-Iseka,be BEL,Metz,23-151,1997,19,881,4,0,4,0
Dimitri Liénard\Dimitri-Lienard,fr FRA,Strasbourg,33-061,1988,28,1353,1,3,2,0
Isaac Lihadji\Isaac-Lihadji,fr FRA,Lille,19-005,2002,15,196,0,1,0,0
Pol Lirola\Pol-Lirola,es ESP,Marseille,23-245,1997,13,1016,0,0,1,0
Anthony Lopes\Anthony-Lopes,pt POR,Lyon,30-196,1990,32,2880,0,0,1,0
Rony Lopes\Rony-Lopes,pt POR,Nice,25-108,1995,22,1365,2,1,1,0
Maxime Lopez\Maxime-Lopez,fr FRA,Marseille,23-132,1997,4,134,0,0,1,0
Dion Lopy\Dion-Lopy,sn SEN,Reims,19-072,2002,1,3,0,0,0,0
Jordan Lotomba\Jordan-Lotomba,ch SUI,Nice,22-198,1998,25,1892,1,0,5,0
Imran Louza\Imran-Louza,fr FRA,Nantes,21-349,1999,27,1847,5,1,3,1
Jean Lucas\Jean-Lucas,br BRA,Brest,22-297,1998,12,799,0,2,1,0
Jean Lucas\Jean-Lucas,br BRA,Lyon,22-297,1998,8,172,0,0,1,0
Florentino Luís\Florentino-Luis,pt POR,Monaco,21-239,1999,8,233,0,0,1,0
Yann M'Vila\Yann-MVila,fr FRA,Saint-Étienne,30-290,1990,1,20,0,0,0,0
Yvann Macon\Yvann-Macon,fr FRA,Saint-Étienne,22-196,1998,6,539,1,1,2,0
Hugo Magnetti\Hugo-Magnetti,fr FRA,Brest,22-320,1998,7,178,0,0,3,0
Hicham Mahou\Hicham-Mahou,fr FRA,Nice,21-287,1999,2,34,0,0,1,0
Habib Maïga\Habib-Maiga,ci CIV,Metz,25-104,1996,25,2157,1,3,8,0
Mike Maignan\Mike-Maignan,fr FRA,Lille,25-138,1995,32,2880,0,0,1,0
Josh Maja\Josh-Maja,ng NGA,Bordeaux,22-109,1998,17,804,2,0,2,0
Radosław Majecki\Radoslaw-Majecki,pl POL,Monaco,21-150,1999,1,90,0,0,0,0
Abdul Majeed Waris\Abdul-Majeed-Waris,gh GHA,Strasbourg,29-208,1991,15,552,1,0,0,0
Marco Majouga\Marco-Majouga,fr FRA,Nîmes,19-341,2001,7,105,0,0,0,0
Adilson Malanda\Adilson-Malanda,fr FRA,Nîmes,19-168,2001,1,19,0,0,0,0
Hianga Mananga Mbock\Hianga-Mananga-Mbock,fr FRA,Brest,21-108,1999,10,451,0,0,1,0
Vincent Manceau\Vincent-Manceau,fr FRA,Angers,31-279,1989,22,1859,0,0,2,0
Steve Mandanda\Steve-Mandanda,fr FRA,Marseille,36-018,1985,31,2790,0,0,1,0
Reinildo Mandava\Reinildo-Mandava,mz MOZ,Lille,27-084,1994,23,1692,0,0,1,1
Thomas Mangani\Thomas-Mangani,fr FRA,Angers,33-351,1987,29,2178,3,3,3,0
Vito Mannone\Vito-Mannone,it ITA,Monaco,33-044,1988,9,810,0,0,0,0
Myziane Maolida\Myziane-Maolida,fr FRA,Nice,22-060,1999,18,993,3,1,2,0
Faitout Maouassa\Faitout-Maouassa,fr FRA,Rennes,22-283,1998,19,959,0,1,4,0
Sekou Mara\Sekou-Mara,fr FRA,Bordeaux,18-259,2002,3,27,0,0,0,0
Fernando Marçal\Fernando-Marcal,br BRA,Lyon,32-055,1989,1,78,0,0,0,0
Marcelo\Marcelo,br BRA,Lyon,33-330,1987,29,2458,2,0,6,1
Dario Maresic\Dario-Maresic,at AUT,Reims,21-198,1999,6,407,0,0,0,0
Jordan Marié\Jordan-Marie,fr FRA,Dijon,29-198,1991,18,913,0,0,1,0
Guillermo Maripán\Guillermo-Maripan,cl CHI,Monaco,26-344,1994,22,1577,5,1,4,0
Marquinhos\Marquinhos,br BRA,Paris S-G,26-336,1994,21,1768,1,1,1,0
Jonas Martin\Jonas-Martin,fr FRA,Rennes,31-006,1990,12,482,0,0,3,0
Pablo Martinez\Pablo-Martinez,fr FRA,Nîmes,32-053,1989,7,540,0,1,1,0
Gelson Martins\Gelson-Martins,pt POR,Monaco,25-339,1995,19,1310,2,2,3,0
Sylvain Marveaux\Sylvain-Marveaux,fr FRA,Lorient,35-000,1986,9,200,0,0,0,0
Pape Matar Sarr\Pape-Matar-Sarr,sn SEN,Metz,18-213,2002,16,1060,2,0,4,0
Eliot Matazo\Eliot-Matazo,be BEL,Monaco,19-059,2002,7,200,0,1,0,1
Chrislain Matsima\Chrislain-Matsima,fr FRA,Monaco,18-335,2002,8,351,0,0,2,0
Tony Mauricio\Tony-Mauricio,fr FRA,Lens,27-024,1994,22,447,0,3,3,0
Stephy Mavididi\Stephy-Mavididi,eng ENG,Montpellier,22-319,1998,29,1601,9,0,3,0
Youssef Maziz\Youssef-Maziz,fr FRA,Metz,22-295,1998,9,206,0,0,1,0
Kylian Mbappé\Kylian-Mbappe,fr FRA,Paris S-G,22-116,1998,27,2038,21,7,4,0
Nathanael Mbuku\Nathanael-Mbuku,fr FRA,Reims,19-030,2002,26,1769,2,1,3,0
Facundo Medina\Facundo-Medina,ar ARG,Lens,21-322,1999,21,1770,2,0,9,0
Farid El Melali\Farid-El-Melali,dz ALG,Angers,23-276,1997,14,255,0,0,1,0
Birger Meling\Birger-Meling,no NOR,Nîmes,26-119,1994,20,1788,2,3,3,0
Houboulang Mendes\Houboulang-Mendes,fr FRA,Lorient,22-346,1998,17,1297,0,0,3,0
Pedro Mendes\Pedro-Mendes,pt POR,Montpellier,30-196,1990,21,1574,2,0,5,0
Thiago Mendes\Thiago-Mendes,br BRA,Lyon,29-031,1992,26,1956,0,1,5,1
Batista Mendy\Batista-Mendy,fr FRA,Nantes,21-093,2000,2,76,0,0,0,0
Edouard Mendy\Edouard-Mendy,sn SEN,Rennes,29-045,1992,1,90,0,0,0,0
Mexer\Mexer,mz MOZ,Bordeaux,32-219,1988,5,407,0,0,1,0
Clément Michelin\Clement-Michelin,fr FRA,Lens,23-339,1997,24,1040,0,4,1,1
Edouard Michut\Edouard-Michut,fr FRA,Paris S-G,18-042,2003,1,2,0,0,0,0
Florian Miguel\Florian-Miguel,fr FRA,Nîmes,24-226,1996,19,1358,0,0,3,2
Arkadiusz Milik\Arkadiusz-Milik,pl POL,Marseille,27-046,1994,9,681,4,0,0,0
Enzo Millot\Enzo-Millot,fr FRA,Monaco,18-272,2002,2,41,0,0,0,0
Stefan Mitrović\Stefan-Mitrovic,rs SRB,Strasbourg,30-328,1990,26,2244,1,0,3,1
Anthony Modeste\Anthony-Modeste,fr FRA,Saint-Étienne,33-001,1988,7,293,0,0,1,0
Terem Moffi\Terem-Moffi,ng NGA,Lorient,21-325,1999,26,1591,9,2,1,0
Dion Moise Sahi\Dion-Moise-Sahi,ci CIV,Strasbourg,19-116,2001,2,30,1,0,0,0
Florent Mollet\Florent-Mollet,fr FRA,Montpellier,29-147,1991,30,2059,3,4,3,1
Thomas Monconduit\Thomas-Monconduit,fr FRA,Lorient,30-064,1991,22,1061,1,0,4,0
Kévin Monnet-Paquet\Kevin-Monnet-Paquet,fr FRA,Saint-Étienne,32-239,1988,13,464,0,0,0,0
Jérémy Morel\Jeremy-Morel,mg MAD,Lorient,37-013,1984,23,2043,0,0,1,0
Aimen Moueffek\Aimen-Moueffek,fr FRA,Saint-Étienne,20-006,2001,16,668,0,0,3,0
Harold Moukoudi\Harold-Moukoudi,cm CMR,Saint-Étienne,23-139,1997,22,1980,3,1,6,0
Jessy Moulin\Jessy-Moulin,fr FRA,Saint-Étienne,35-092,1986,29,2610,0,0,1,0
Steve Mounié\Steve-Mounie,bj BEN,Brest,26-198,1994,30,2290,7,4,5,0
Samuel Moutoussamy\Samuel-Moutoussamy,cd COD,Nantes,24-246,1996,1,82,0,0,0,0
Loris Mouyokolo\Loris-Mouyokolo,cg CGO,Lorient,19-328,2001,1,19,0,0,0,0
Benoît Mukinayi\Benoit-Mukinayi,fr FRA,Monaco,20-020,2001,29,2448,2,1,3,0
Marshall Munetsi\Marshall-Munetsi,zw ZIM,Reims,24-297,1996,23,1568,1,0,5,1
Kévin N'Doram\Kevin-NDoram,fr FRA,Metz,25-083,1996,1,26,0,0,0,0
Stanley N'Soki\Stanley-NSoki,fr FRA,Nice,22-006,1999,15,1197,0,0,4,0
Yuto Nagatomo\Yuto-Nagatomo,jp JPN,Marseille,34-215,1986,21,1423,0,1,2,0
Kenny Nagera\Kenny-Nagera,fr FRA,Paris S-G,19-053,2002,1,2,0,0,0,0
Paul Nardi\Paul-Nardi,fr FRA,Lorient,26-332,1994,18,1620,0,0,1,0
Keylor Navas\Keylor-Navas,cr CRC,Paris S-G,34-121,1986,24,2070,0,0,0,0
Papa Ndiaga Yade\Papa-Ndiaga-Yade,sn SEN,Metz,21-100,2000,23,772,3,4,3,0
Bridge Ndilu\Bridge-Ndilu,fr FRA,Nantes,20-268,2000,6,42,0,0,1,0
Dan Ndoye\Dan-Ndoye,ch SUI,Nice,20-172,2000,24,506,1,1,0,0
Neymar\Neymar,br BRA,Paris S-G,29-069,1992,13,976,6,3,6,2
Yvan Neyou\Yvan-Neyou,cm CMR,Saint-Étienne,24-102,1997,27,2101,1,2,7,0
Muzinga Ngonda\Muzinga-Ngonda,cd COD,Dijon,26-105,1994,27,2082,2,0,5,0
Ahmad Ngouyamsa\Ahmad-Ngouyamsa,cm CMR,Dijon,20-115,2000,2,144,0,0,1,0
Opa Nguette\Opa-Nguette,sn SEN,Metz,26-281,1994,16,1132,3,1,0,0
Ibrahima Niane\Ibrahima-Niane,sn SEN,Metz,22-035,1999,6,471,6,0,0,0
M'Baye Niang\MBaye-Niang,sn SEN,Rennes,26-117,1994,9,422,1,0,0,0
Casimir Ninga\Casimir-Ninga,td CHA,Angers,27-333,1993,1,23,0,0,0,0
Arnaud Nordin\Arnaud-Nordin,fr FRA,Saint-Étienne,22-302,1998,26,1412,3,4,1,0
Olivier Ntcham\Olivier-Ntcham,fr FRA,Marseille,25-065,1996,4,120,0,0,0,0
Gerzino Nyamsi\Gerzino-Nyamsi,fr FRA,Rennes,24-083,1997,11,687,0,0,1,0
Steven Nzonzi\Steven-Nzonzi,fr FRA,Rennes,32-121,1988,29,2543,1,1,7,0
Jonas Omlin\Jonas-Omlin,ch SUI,Montpellier,27-095,1994,28,2403,0,0,0,1
Henry Onyekuru\Henry-Onyekuru,ng NGA,Monaco,23-314,1997,4,140,0,1,0,0
Otávio\Otavio,br BRA,Bordeaux,26-346,1994,18,1559,1,0,6,0
Remi Oudin\Remi-Oudin,fr FRA,Bordeaux,24-148,1996,32,2181,4,4,2,0
Alexandre Oukidja\Alexandre-Oukidja,dz ALG,Metz,32-270,1988,28,2518,0,0,3,1
Zinédine Ould Khaled\Zinedine-Ould-Khaled,fr FRA,Angers,21-091,2000,1,10,0,0,0,0
Ambroise Oyongo\Ambroise-Oyongo,cm CMR,Montpellier,29-297,1991,13,558,1,1,1,0
Pablo\Pablo,br BRA,Bordeaux,29-298,1991,13,1076,1,0,5,0
Vincent Pajot\Vincent-Pajot,fr FRA,Metz,30-239,1990,12,914,0,0,3,0
Nicolas Pallois\Nicolas-Pallois,fr FRA,Nantes,33-208,1987,26,2236,1,0,8,1
Jonathan Panzo\Jonathan-Panzo,eng ENG,Dijon,20-172,2000,17,1416,0,0,4,0
Lucas Paquetá\Lucas-Paqueta,br BRA,Lyon,23-231,1997,24,1784,6,3,6,1
Gaëtan Paquiez\Gaetan-Paquiez,fr FRA,Nîmes,27-059,1994,13,874,0,0,0,0
Rubén Pardo\Ruben-Pardo,es ESP,Bordeaux,28-175,1992,2,23,0,0,0,0
Leandro Paredes\Leandro-Paredes,ar ARG,Paris S-G,26-290,1994,19,1198,1,2,7,1
Mateo Pavlović\Mateo-Pavlovic,ba BIH,Angers,30-310,1990,9,663,0,0,2,0
Strahinja Pavlović\Strahinja-Pavlovic,rs SRB,Monaco,19-326,2001,1,1,0,0,0,0
Dimitri Payet\Dimitri-Payet,fr FRA,Marseille,34-017,1987,27,1878,4,7,3,2
Yohann Pelé\Yohann-Pele,fr FRA,Marseille,38-162,1982,1,90,0,0,0,0
Pietro Pellegri\Pietro-Pellegri,it ITA,Monaco,20-029,2001,14,220,1,0,2,0
Andy Pelmard\Andy-Pelmard,fr FRA,Nice,21-034,2000,17,1175,0,0,1,0
Timothee Pembele\Timothee-Pembele,fr FRA,Paris S-G,18-218,2002,5,378,1,0,1,0
Mathias Pereira Lage\Mathias-Pereira-Lage,pt POR,Angers,24-136,1996,23,1187,3,0,3,0
Danilo Pereira\Danilo-Pereira,pt POR,Paris S-G,29-218,1991,18,994,2,1,3,0
Manuel Perez\Manuel-Perez,fr FRA,Lens,29-339,1991,4,128,0,0,1,0
Romain Perraud\Romain-Perraud,fr FRA,Brest,23-205,1997,30,2600,3,5,4,0
Lucas Perrin\Lucas-Perrin,fr FRA,Marseille,22-147,1998,5,189,1,0,1,0
Rayan Philippe\Rayan-Philippe,fr FRA,Dijon,20-174,2000,4,93,0,0,0,0
Romain Philippoteaux\Romain-Philippoteaux,fr FRA,Nîmes,33-044,1988,3,214,1,1,0,0
Romain Philippoteaux\Romain-Philippoteaux,fr FRA,Brest,33-044,1988,16,579,1,0,0,0
Jérémy Pied\Jeremy-Pied,fr FRA,Lille,32-051,1989,5,302,0,0,1,0
Ronaël Pierre-Gabriel\Ronael-Pierre-Gabriel,fr FRA,Brest,22-306,1998,25,1956,1,0,4,0
Maxime Poundjé\Maxime-Poundje,fr FRA,Bordeaux,28-242,1992,12,323,0,0,0,0
Sanjin Prcić\Sanjin-Prcic,ba BIH,Strasbourg,27-146,1993,12,343,0,0,1,0
Nicolas de Préville\Nicolas-de-Preville,fr FRA,Bordeaux,30-097,1991,29,1431,1,2,2,0
Anthony Racioppi\Anthony-Racioppi,ch SUI,Dijon,22-105,1998,21,1890,0,0,0,0
Nemanja Radonjić\Nemanja-Radonjic,rs SRB,Marseille,25-059,1996,12,396,2,1,2,0
Aleksandar Radovanović\Aleksandar-Radovanovic,rs SRB,Lens,27-155,1993,1,90,0,0,0,0
Rafinha\Rafinha,br BRA,Paris S-G,28-062,1993,18,1150,0,4,2,0
Predrag Rajković\Predrag-Rajkovic,rs SRB,Reims,25-166,1995,31,2745,0,0,2,0
Jeff Reine-Adélaïde\Jeff-Reine-Adelaide,fr FRA,Nice,23-088,1998,14,1058,1,2,1,0
Jeff Reine-Adélaïde\Jeff-Reine-Adelaide,fr FRA,Lyon,23-088,1998,1,24,0,0,0,0
Panagiotis Retsos\Panagiotis-Retsos,gr GRE,Saint-Étienne,22-249,1998,4,272,0,0,2,0
Baptiste Reynet\Baptiste-Reynet,fr FRA,Nîmes,30-169,1990,32,2880,0,0,3,0
Sergio Rico\Sergio-Rico,es ESP,Paris S-G,27-226,1993,9,720,0,0,0,0
Renaud Ripart\Renaud-Ripart,fr FRA,Nîmes,28-032,1993,32,2579,8,0,3,0
Mihailo Ristić\Mihailo-Ristic,rs SRB,Montpellier,25-166,1995,28,1799,0,2,3,0
Maxence Rivera\Maxence-Rivera,fr FRA,Saint-Étienne,18-320,2002,16,219,0,0,0,0
Christopher Rocchia\Christopher-Rocchia,fr FRA,Marseille,23-073,1998,2,22,0,0,0,0
Valentin Rongier\Valentin-Rongier,fr FRA,Marseille,26-129,1994,22,1662,1,1,6,0
Nolan Roux\Nolan-Roux,fr FRA,Nîmes,33-045,1988,17,645,0,0,2,0
Daniele Rugani\Daniele-Rugani,it ITA,Rennes,26-260,1994,1,90,0,0,1,0
Kays Ruiz\Kays-Ruiz,ma MAR,Paris S-G,18-232,2002,7,186,0,0,1,0
Georginio Rutter\Georginio-Rutter,fr FRA,Rennes,18-360,2002,4,44,0,0,0,0
Roli Pereira de Sa\Roli-Pereira-de-Sa,fr FRA,Nantes,24-126,1996,2,13,0,0,0,0
Idriss Saadi\Idriss-Saadi,dz ALG,Strasbourg,29-066,1992,7,125,0,0,0,0
Youssouf Sabaly\Youssouf-Sabaly,sn SEN,Bordeaux,28-041,1993,27,2377,0,2,3,0
Hiroki Sakai\Hiroki-Sakai,jp JPN,Marseille,31-003,1990,26,2175,0,1,6,1
Moïse Sakava\Moise-Sakava,cm CMR,Reims,20-110,2000,1,8,0,0,0,0
William Saliba\William-Saliba,fr FRA,Nice,20-022,2001,14,1260,0,0,1,0
Romain Salin\Romain-Salin,fr FRA,Rennes,36-260,1984,15,1350,0,0,2,0
Mama Samba Baldé\Mama-Samba-Balde,gw GNB,Dijon,25-160,1995,25,1939,6,0,4,0
Junior Sambia\Junior-Sambia,fr FRA,Montpellier,24-220,1996,31,2066,1,5,2,0
Frédéric Sammaritano\Frederic-Sammaritano,fr FRA,Dijon,35-023,1986,26,993,0,1,4,1
Renato Sanches\Renato-Sanches,pt POR,Lille,23-240,1997,20,1089,1,2,3,0
Morgan Sanson\Morgan-Sanson,fr FRA,Marseille,26-240,1994,12,826,2,3,2,0
Baptiste Santamaria\Baptiste-Santamaria,fr FRA,Angers,26-037,1995,3,270,0,0,1,0
Pablo Sarabia\Pablo-Sarabia,es ESP,Paris S-G,28-339,1992,23,1117,6,4,2,0
Bouna Sarr\Bouna-Sarr,gn GUI,Marseille,29-074,1992,2,76,0,0,0,0
Sidy Sarr\Sidy-Sarr,sn SEN,Nîmes,24-314,1996,7,332,0,0,1,0
Téji Savanier\Teji-Savanier,fr FRA,Montpellier,29-114,1991,24,1910,5,5,6,1
Aurélien Scheidler\Aurelien-Scheidler,fr FRA,Dijon,22-315,1998,10,342,1,0,1,0
Morgan Schneiderlin\Morgan-Schneiderlin,fr FRA,Nice,31-158,1989,23,1847,0,1,8,1
Malik Sellouki\Malik-Sellouki,fr FRA,Nice,21-025,2000,2,43,1,0,1,0
Matz Sels\Matz-Sels,be BEL,Strasbourg,29-048,1992,2,180,0,0,0,0
Jean Seri\Jean-Seri,ci CIV,Bordeaux,29-270,1991,9,639,0,0,2,0
Mahame Siby\Mahame-Siby,fr FRA,Strasbourg,24-282,1996,6,16,0,0,0,0
Abdoulaye Sidibé\Abdoulaye-Sidibe,fr FRA,Saint-Étienne,19-065,2002,1,11,0,0,1,0
Djibril Sidibé\Djibril-Sidibe,fr FRA,Monaco,28-260,1992,24,1504,0,2,3,0
Kaj Sierhuis\Kaj-Sierhuis,nl NED,Reims,22-353,1998,19,569,0,1,1,0
Caio Henrique Oliveira Silva\Caio-Henrique-Oliveira-Silva,br BRA,Monaco,23-258,1997,25,1838,0,4,0,0
Florent da Silva\Florent-da-Silva,fr FRA,Lyon,18-013,2003,1,3,0,0,0,0
Gabriel Silva\Gabriel-Silva,br BRA,Saint-Étienne,29-337,1991,2,175,0,0,0,0
Mohamed Simakan\Mohamed-Simakan,fr FRA,Strasbourg,20-347,2000,19,1615,1,1,2,0
Moses Simon\Moses-Simon,ng NGA,Nantes,25-277,1995,27,1878,5,1,2,0
Xavi Simons\Xavi-Simons,nl NED,Paris S-G,17-359,2003,1,2,0,0,0,0
Issouf Sissokho\Issouf-Sissokho,ml MLI,Bordeaux,19-075,2002,2,23,0,0,0,0
Ibrahima Sissoko\Ibrahima-Sissoko,fr FRA,Strasbourg,23-170,1997,31,2358,0,0,6,0
Nelson Sissoko\Nelson-Sissoko,fr FRA,Saint-Étienne,24-039,1997,9,474,0,0,0,0
Jacques Siwe\Jacques-Siwe,fr FRA,Dijon,19-260,2001,1,12,0,0,0,0
Petar Škuletić\Petar-Skuletic,rs SRB,Montpellier,30-290,1990,14,175,2,0,0,0
Islam Slimani\Islam-Slimani,dz ALG,Lyon,32-301,1988,13,327,1,0,0,1
Brandon Soppy\Brandon-Soppy,fr FRA,Rennes,19-053,2002,7,456,0,0,1,0
Florian Sotoca\Florian-Sotoca,fr FRA,Lens,30-172,1990,30,2300,8,3,6,0
Cheick Souaré\Cheick-Souare,fr FRA,Marseille,18-224,2002,1,10,0,0,0,0
Rayan Souici\Rayan-Souici,fr FRA,Saint-Étienne,23-046,1998,1,5,0,0,0,0
Adama Soumaoro\Adama-Soumaoro,fr FRA,Lille,28-301,1992,3,145,0,0,1,0
Boubakary Soumaré\Boubakary-Soumare,fr FRA,Lille,22-047,1999,26,1395,0,0,3,0
Yaya Soumaré\Yaya-Soumare,fr FRA,Lyon,21-082,2000,1,2,0,0,0,0
Arnaud Souquet\Arnaud-Souquet,fr FRA,Montpellier,29-062,1992,19,1012,1,1,4,0
Ansou Sow\Ansou-Sow,fr FRA,Lens,20-341,2000,1,6,0,0,0,0
Saidou Sow\Saidou-Sow,gn GUI,Saint-Étienne,18-285,2002,12,818,0,0,0,0
Kevin Strootman\Kevin-Strootman,nl NED,Marseille,31-061,1990,11,233,0,0,2,0
Abdoulaye Sylla\Abdoulaye-Sylla,gn GUI,Nantes,21-005,2000,2,8,0,0,0,0
Issiaga Sylla\Issiaga-Sylla,gn GUI,Lens,27-104,1994,18,1022,1,0,0,0
Eddy Sylvestre\Eddy-Sylvestre,fr FRA,Nice,21-229,1999,4,97,0,0,1,0
Flavien Tait\Flavien-Tait,fr FRA,Rennes,28-072,1993,18,930,0,2,4,0
Heriberto Tavares\Heriberto-Tavares,pt POR,Brest,24-055,1997,4,43,0,0,0,0
Warren Tchimbembé\Warren-Tchimbembe,fr FRA,Metz,22-359,1998,15,495,0,0,0,0
Aurélien Tchouaméni\Aurelien-Tchouameni,fr FRA,Monaco,21-078,2000,30,2523,2,3,8,1
Martin Terrier\Martin-Terrier,fr FRA,Rennes,24-042,1997,28,1981,6,6,2,1
Kenny Tete\Kenny-Tete,nl NED,Lyon,25-188,1995,1,20,0,0,0,0
Florian Thauvin\Florian-Thauvin,fr FRA,Marseille,28-079,1993,31,2297,8,7,4,0
Sada Thioub\Sada-Thioub,sn SEN,Angers,25-318,1995,22,1048,1,1,0,0
Romain Thomas\Romain-Thomas,fr FRA,Angers,32-307,1988,28,2484,3,0,4,1
Adrien Thomasson\Adrien-Thomasson,fr FRA,Strasbourg,27-126,1993,32,2198,5,1,6,1
Khéphren Thuram-Ulie\Khephren-Thuram-Ulie,fr FRA,Nice,20-020,2001,26,1325,2,0,2,0
Cheikh Tidiane Sabaly\Cheikh-Tidiane-Sabaly,sn SEN,Metz,22-042,1999,1,12,0,0,0,0
Jean-Clair Todibo\Jean-Clair-Todibo,fr FRA,Nice,21-106,1999,9,790,0,0,3,0
Karl Toko Ekambi\Karl-Toko-Ekambi,cm CMR,Lyon,28-213,1992,29,2309,12,5,3,0
Tyron Tormin\Tyron-Tormin,fr FRA,Saint-Étienne,19-290,2001,3,21,0,0,0,0
Abdoulaye Touré\Abdoulaye-Toure,fr FRA,Nantes,27-043,1994,29,1681,2,2,2,0
Amadou Traore\Amadou-Traore,fr FRA,Bordeaux,19-039,2002,14,197,0,1,0,0
Charles Traore\Charles-Traore,ml MLI,Nantes,29-104,1992,20,1657,1,0,6,0
Cheick Traoré\Cheick-Traore,ml MLI,Lens,26-015,1995,1,14,0,0,0,0
Hamari Traoré\Hamari-Traore,ml MLI,Rennes,29-078,1992,29,2473,1,1,4,0
Ismaël Traoré\Ismael-Traore,ci CIV,Angers,34-240,1986,31,2790,3,3,2,0
Miguel Trauco\Miguel-Trauco,pe PER,Saint-Étienne,28-233,1992,22,1677,0,1,1,0
Alexis Trouillet\Alexis-Trouillet,fr FRA,Nice,20-113,2000,5,109,0,0,0,0
Adrien Truffert\Adrien-Truffert,fr FRA,Rennes,19-146,2001,25,1721,1,3,2,0
Marvin Tshibuabua\Marvin-Tshibuabua,fr FRA,Saint-Étienne,19-097,2002,1,43,0,0,0,0
Matthieu Udol\Matthieu-Udol,fr FRA,Metz,25-026,1996,20,1509,0,3,1,1
Naomichi Ueda\Naomichi-Ueda,jp JPN,Nîmes,26-173,1994,5,371,0,0,0,0
Hwang Ui-jo\Hwang-Ui-jo,kr KOR,Bordeaux,28-230,1992,30,2029,11,2,1,0
Marco Verratti\Marco-Verratti,it ITA,Paris S-G,28-161,1992,18,1347,0,2,5,0
Kevin Volland\Kevin-Volland,de GER,Monaco,28-259,1992,29,2247,14,7,3,0
Franklin Wadja\Franklin-Wadja,cm CMR,Lorient,25-349,1995,4,33,0,0,1,0
Timothy Weah\Timothy-Weah,us USA,Lille,21-052,2000,26,787,3,0,1,0
Yoane Wissa\Yoane-Wissa,cd COD,Lorient,24-224,1996,32,2215,7,1,2,0
Xeka\Xeka,pt POR,Lille,26-156,1994,27,1022,1,2,5,0
Yusuf Yazıcı\Yusuf-Yazici,tr TUR,Lille,24-076,1997,26,945,7,4,0,0
Burak Yılmaz\Burak-Yilmaz,tr TUR,Lille,35-274,1985,22,1556,10,4,5,0
Wilitty Younoussa\Wilitty-Younoussa,cm CMR,Dijon,19-218,2001,2,17,0,0,0,0
Zaydou Youssouf\Zaydou-Youssouf,fr FRA,Saint-Étienne,21-278,1999,23,1075,1,1,1,0
Arthur Zagre\Arthur-Zagre,fr FRA,Dijon,19-193,2001,1,11,0,0,0,0
Arber Zeneli\Arber-Zeneli,xk KVX,Reims,26-049,1995,23,1126,3,3,0,0
Mehdi Zerkane\Mehdi-Zerkane,dz ALG,Bordeaux,21-274,1999,21,977,0,1,1,1
Kévin Zohi\Kevin-Zohi,ml MLI,Strasbourg,24-117,1996,22,427,1,0,0,0
